{
  "melhor_modelo": "KNN",
  "metricas": [
    {
      "modelo": "KNN",
      "accuracy": 0.7142857142857143,
      "precision": 0.6086956521739131,
      "recall": 0.5185185185185185,
      "f1_score": 0.56,
      "roc_auc": 0.7944444444444444
    },
    {
      "modelo": "SVM",
      "accuracy": 0.7012987012987013,
      "precision": 0.5909090909090909,
      "recall": 0.48148148148148145,
      "f1_score": 0.5306122448979592,
      "roc_auc": 0.8131481481481482
    }
  ],
  "knn_hiperparametros": {
    "n_neighbors": 13
  },
  "svm_hiperparametros": {
    "C": 1,
    "gamma": "scale",
    "kernel": "linear"
  }
}